{
  "Flow Bytes/s": 0.18395965,
  "Fwd Packet Length Max": 0.14627614,
  "Flow Packets/s": 0.12858288,
  "ACK Flag Count": 0.12666961,
  "Flow Duration": 0.12579245,
  "SYN Flag Count": 0.12286826,
  "Flow IAT Mean": 0.10036405,
  "Fwd Avg Bulk Rate": 0.00158418,
  "Total Length of Fwd Packets": 0.00142961,
  "Flow IAT Max": 0.00124165,
  "RST Flag Count": 0.00120334,
  "PSH Flag Count": 0.00119054,
  "act_data_pkt_fwd": 0.00118412,
  "Bwd Header Length": 0.00117781,
  "Fwd PSH Flags": 0.0011559,
  "Fwd Avg Packets/Bulk": 0.00113639,
  "Active Std": 0.001134,
  "Fwd Header Length": 0.00112427,
  "Fwd Packets/s": 0.001118,
  "Flow IAT Std": 0.00108172,
  "Fwd IAT Min": 0.00107509,
  "Max Packet Length": 0.00106723,
  "Bwd Avg Packets/Bulk": 0.00104719,
  "Fwd IAT Max": 0.00104559,
  "Fwd IAT Std": 0.00103416,
  "Bwd PSH Flags": 0.00103065,
  "Subflow Bwd Bytes": 0.00102959,
  "Packet Length Mean": 0.00102601,
  "Idle Min": 0.00101897,
  "Init_Win_bytes_forward": 0.00100703,
  "Total Fwd Packets": 0.00100194,
  "Bwd Avg Bulk Rate": 0.00100109,
  "Fwd URG Flags": 0.00099275,
  "Bwd IAT Std": 0.0009915,
  "Bwd Packet Length Std": 0.0009844,
  "Idle Std": 0.00097785,
  "Bwd IAT Max": 0.00096602,
  "ECE Flag Count": 0.00095118,
  "Flow IAT Min": 0.00094751,
  "Fwd IAT Mean": 0.00094712,
  "Bwd IAT Mean": 0.00093715,
  "Active Min": 0.00093489,
  "Inbound": 0.00092017,
  "Bwd IAT Total": 0.00091844,
  "Subflow Bwd Packets": 0.00090977,
  "Avg Bwd Segment Size": 0.00089256,
  "Active Mean": 0.00088921,
  "Init_Win_bytes_backward": 0.00088159,
  "Bwd URG Flags": 0.00087173,
  "Bwd Packet Length Max": 0.0008686,
  "Total Length of Bwd Packets": 0.00086169,
  "Fwd Packet Length Std": 0.00085715,
  "Down/Up Ratio": 0.00084047,
  "Idle Mean": 0.00083623,
  "Total Backward Packets": 0.0008271,
  "Bwd Packet Length Min": 0.00082196,
  "Fwd Avg Bytes/Bulk": 0.00082059,
  "FIN Flag Count": 0.00081701,
  "URG Flag Count": 0.00080936,
  "Bwd Packet Length Mean": 0.00080613,
  "Fwd Header Length.1": 0.00079692,
  "Active Max": 0.00076449,
  "Subflow Fwd Bytes": 0.0007539,
  "Idle Max": 0.0007539,
  "Packet Length Variance": 0.00075055,
  "min_seg_size_forward": 0.00074487,
  "Average Packet Size": 0.0007396,
  "Fwd Packet Length Mean": 0.00072605,
  "CWE Flag Count": 0.00072042,
  "Fwd IAT Total": 0.00071348,
  "Bwd Avg Bytes/Bulk": 0.00069146,
  "Avg Fwd Segment Size": 0.00066721,
  "Subflow Fwd Packets": 0.00065831,
  "Min Packet Length": 0.00063679,
  "Bwd Packets/s": 0.00061029,
  "Fwd Packet Length Min": 0.00052251,
  "Packet Length Std": 0.00050711,
  "Bwd IAT Min": 0.00050283
}